{"last_tab":"2","skin_color":"","color_theme":"","page_layout":"fullwidth","enable_backtotop":"1","map_api_key":"","header_layout":"header-2","header_logo":{"url":"","id":"","height":"","width":"","thumbnail":""},"hm_logo":{"url":"","id":"","height":"","width":"","thumbnail":""},"hm_show_topbar":"yes","hm_topbar_information":"<ul class=\"inline\">\r\n \t<li><i class=\"fa fa-envelope\"><\/i>contact@example.com<\/li>\r\n \t<li><i class=\"fa fa-phone\"><\/i>666 888 0000<\/li>\r\n<\/ul>","hm_social_facebook":"#","hm_social_instagram":"#","hm_social_twitter":"#","hm_social_linkedin":"","hm_social_pinterest":"#","hm_social_tumblr":"","hm_social_vimeo":"","hm_social_youtube":"","footer_layout":"footer","copyright_default":"no","copyright_text":"Copyright - 2021 - Company - All rights reserved. Powered by WordPress.","breadcrumb_show_title":"1","breadcrumb_padding_top":"135","breadcrumb_padding_bottom":"135","breadcrumb_background_color":"#1F2230","breadcrumb_background_opacity":"10","breadcrumb_image":"1","breadcrumb_background_image":{"url":"https:\/\/gaviaspreview.com\/wp\/zilom\/wp-content\/uploads\/2020\/12\/breadcrumb.jpg","id":"763","height":"600","width":"1920","thumbnail":"https:\/\/gaviaspreview.com\/wp\/zilom\/wp-content\/uploads\/2020\/12\/breadcrumb-180x180.jpg"},"breadcrumb_text_stype":"text-light","breadcrumb_text_align":"text-left","main_color":"","main_background_color":"","main_background_image":{"url":"","id":"","height":"","width":"","thumbnail":""},"main_background_image_type":"fixed","content_background_color":"","content_font_color":"","content_font_color_link":"","content_font_color_link_hover":"","footer_background_color":"","footer_font_color":"","footer_font_color_link":"","footer_font_color_link_hover":"","main_font_source":"0","main_font":{"font-family":"Open Sans","font-options":"","google":"1","subsets":""},"secondary_font_source":"0","secondary_font":{"font-family":"Open Sans","font-options":"","google":"1","subsets":""},"blog_columns_lg":"2","blog_columns_md":"2","blog_columns_sm":"1","blog_columns_xs":"1","archive_post_sidebar":"right-sidebar","archive_post_left_sidebar":"blog_sidebar","archive_post_right_sidebar":"blog_sidebar","blog_excerpt_limit":"30","single_post_sidebar":"right-sidebar","single_post_left_sidebar":"blog_sidebar","single_post_right_sidebar":"blog_sidebar","default_show_page_heading":"1","default_sidebar_config":"no-sidebars","default_left_sidebar":"","default_right_sidebar":"","slug_portfolio":"portfolio","portfolio_columns_lg":"3","portfolio_columns_md":"2","portfolio_columns_sm":"2","portfolio_columns_xs":"1","archive_portfolio_sidebar":"right-sidebar","archive_portfolio_left_sidebar":"porfolio_sidebar","archive_portfolio_right_sidebar":"porfolio_sidebar","single_portfolio_sidebar":"right-sidebar","single_portfolio_left_sidebar":"porfolio_sidebar","single_portfolio_right_sidebar":"porfolio_sidebar","course_filter_layout":"filter-layout-top","course_filter_style":"filter-list","course_column_lg":"4","course_column_md":"2","course_column_sm":"2","course_column_xs":"1","products_per_page":"24","product_display_layout":"","product_columns_lg":"3","product_columns_md":"3","product_columns_sm":"2","product_columns_xs":"1","woo_sidebar_config":"no-sidebars","woo_left_sidebar":"woocommerce_sidebar","woo_right_sidebar":"woocommerce_sidebar","woo_breadcrumb_show_title":"1","woo_breadcrumb_padding_top":"110","woo_breadcrumb_padding_bottom":"100","woo_breadcrumb_background_color":"","woo_breadcrumb_background_opacity":"50","woo_breadcrumb_image":"1","woo_breadcrumb_background_image":{"url":"https:\/\/gaviaspreview.com\/wp\/zilom\/wp-content\/uploads\/2020\/12\/breadcrumb.jpg","id":"763","height":"600","width":"1920","thumbnail":"https:\/\/gaviaspreview.com\/wp\/zilom\/wp-content\/uploads\/2020\/12\/breadcrumb-180x180.jpg"},"woo_breadcrumb_text_stype":"text-light","woo_breadcrumb_text_align":"text-center","upsell_heading_text":"Complete the look","related_heading_text":"Related Products","hm_show_user":"yes","hm_logo_width":130,"hm_logo_padding":10,"redux-backup":1}